{
  "project_info": {
    "project_number": "509693031645",
    "firebase_url": "https://surya-life-science.firebaseio.com",
    "project_id": "surya-life-science",
    "storage_bucket": "surya-life-science.appspot.com"
  },
  "client": [
    {
      "client_info": {
        "mobilesdk_app_id": "1:509693031645:android:336e3fe7ecf8b236",
        "android_client_info": {
          "package_name": "com.kard.mediback"
        }
      },
      "oauth_client": [
        {
          "client_id": "509693031645-cemathjgu45s1ns0la3vcfo8gv8d9mp8.apps.googleusercontent.com",
          "client_type": 1,
          "android_info": {
            "package_name": "com.kard.mediback",
            "certificate_hash": "63c48d26625721709fd9cc19bfa4819d74b41916"
          }
        },
        {
          "client_id": "509693031645-pc0khjgh894aeub2qvbhrqul4u2nehkg.apps.googleusercontent.com",
          "client_type": 1,
          "android_info": {
            "package_name": "com.kard.mediback",
            "certificate_hash": "de4bd2499904ab15d9d07c00aaf802019bca9398"
          }
        },
        {
          "client_id": "509693031645-btsu05tf7frlmg54bu01eg2hc9m53gps.apps.googleusercontent.com",
          "client_type": 1,
          "android_info": {
            "package_name": "com.kard.mediback",
            "certificate_hash": "1cd3d40c595a5588443d91c1acf140a8a848f8e3"
          }
        },
        {
          "client_id": "509693031645-mejr4p7331630ecvrs9coajjkh45m898.apps.googleusercontent.com",
          "client_type": 3
        }
      ],
      "api_key": [
        {
          "current_key": "AIzaSyCSQJXAf3N619q6KsE80-FytYXDyEAu8R4"
        }
      ],
      "services": {
        "appinvite_service": {
          "other_platform_oauth_client": [
            {
              "client_id": "509693031645-mejr4p7331630ecvrs9coajjkh45m898.apps.googleusercontent.com",
              "client_type": 3
            }
          ]
        }
      }
    }
  ],
  "configuration_version": "1"
}